ID,data,method,target_len,acq_date,max_model,max_seq,max_seq_len,log_proba,normalized
A-L20-GMM-0,RAPT1,GMM,20,201202,*T*GAGATTCTGAGGGTTCT*C*T*,CTCGAGATTCTGAGGGTTCTGCATA,25,-13.8,-0.7
A-L20-GMM-1,RAPT1,GMM,20,201202,*A*A*ATTA*ATA*TA*TAAA*A*GA*A*A,AAGAAATTAGATACTAGTAAATACGACATA,30,-36.9,-4.9
A-L20-GMM-2,RAPT1,GMM,20,201202,*G*G*GGATATGCTGAGTTTCTG*,TGTGCGGATATGCTGAGTTTCTGC,24,-17.9,-4.9
A-L20-GMM-3,RAPT1,GMM,20,201202,*ACGAGAGATACAACCT*T*C*T*C*,AACGAGAGATACAACCTGTGCGTGCC,26,-17.0,8.8
A-L20-GMM-4,RAPT1,GMM,20,201202,A*CGAGAGATGGTAGACC*T*T*C*,ATCGAGAGATGGTAGACCCTGTGCG,25,-14.6,-2.7
A-L20-GMM-5,RAPT1,GMM,20,201202,*A*A*ACGTGCAAGCCTC*T*TA*G*T,CAAAGACGTGCAAGCCTCGTCTACGGT,27,-21.8,-1.5
A-L20-GMM-6,RAPT1,GMM,20,201202,*C*GAGGGTCCTGACAA*A*AAA*A,TCTGAGGGTCCTGACAACAGAAACA,25,-16.2,-0.7
A-L20-GMM-7,RAPT1,GMM,20,201202,*ACGAGAGATGTAGCCT*T*T*T*C*,TACGAGAGATGTAGCCTGTATGTGCT,26,-16.3,11.9
A-L20-GMM-8,RAPT1,GMM,20,201202,*A*T*AGGTTTC*ACACTC*T*TA*T*A,CAGTAAGGTTTCGACACTCTTCTACTTA,28,-28.9,-2.4
A-L20-GMM-9,RAPT1,GMM,20,201202,*ACGAGAGATGTTGCCT*C*T*T*G*,AACGAGAGATGTTGCCTGCGTGTTGC,26,-20.8,4.0
A-L25-GMM-0,RAPT1,GMM,25,201202,*AT*AATAATAAGAATAA*AAAATT*CA*A,CATCAATAATAAGAATAACAAAATTTCAAA,30,-35.5,-1.1
A-L25-GMM-1,RAPT1,GMM,25,201202,*AA*TACGAGAGATGTAGCCTG*A,CAACTACGAGAGATGTAGCCTGGA,24,-15.4,-6.1
A-L25-GMM-2,RAPT1,GMM,25,201202,GTAGAGATTCTGAGGGTTCTCC*G*T*C,GTAGAGATTCTGAGGGTTCTCCCGCTCC,28,-13.7,103.6
A-L25-GMM-3,RAPT1,GMM,25,201202,GG*GGTGATGTAGAAAC*GTTGAG*TT*A,GGCGGTGATGTAGAAACGGTTGAGGTTAA,29,-25.0,-2.1
A-L25-GMM-4,RAPT1,GMM,25,201202,ATACGAGAGATGTAGCCT*T*TC*T*G*A,ATACGAGAGATGTAGCCTGTGTCGTAGAA,29,-14.7,-4.0
A-L25-GMM-5,RAPT1,GMM,25,201202,AACGAGAGATGGTAGACC*TT*T*G*T,AACGAGAGATGGTAGACCGTTGTGGAT,27,-15.3,63.2
A-L25-GMM-6,RAPT1,GMM,25,201202,*AC*CGGGTTTCACACTCTAT*AAT*A,CACGCGGGTTTCACACTCTATGAATGA,27,-19.5,-0.1
A-L25-GMM-7,RAPT1,GMM,25,201202,*GTAGGGAATCTGAGGGGTCTCC*G*C*T,CGTAGGGAATCTGAGGGGTCTCCCGCCCT,29,-19.7,21.5
A-L25-GMM-8,RAPT1,GMM,25,201202,AACGGTAA*ACGTGCAAGCCT*TT*TT*T,AACGGTAACACGTGCAAGCCTGTTATTAT,29,-19.3,-4.3
A-L25-GMM-9,RAPT1,GMM,25,201202,ATTACGAGAGATACAGCCT*T*TC*T*G*A,ATTACGAGAGATACAGCCTATATCGTAGCA,30,-15.4,15.4
A-GMM-0,RAPT1,GMM,30,201214,AACGAGAGATGGTAGACCTATCTTTT*GCC,AACGAGAGATGGTAGACCTATCTTTTAGCC,30,-15.8,79.0
A-GMM-1,RAPT1,GMM,30,201214,GTAGAGATTCTGAGGGTTCTCCTGCTATA,GTAGAGATTCTGAGGGTTCTCCTGCTATA,29,-13.3,107.1
A-GMM-2,RAPT1,GMM,30,201214,TTTTATAAAAAAGTGTTTAAAAAAGATTCA,TTTTATAAAAAAGTGTTTAAAAAAGATTCA,30,-34.9,-3.6
A-GMM-3,RAPT1,GMM,30,201214,GTAGAAATTACGAGAGATGTCGCCTTTGA,GTAGAAATTACGAGAGATGTCGCCTTTGA,29,-16.7,7.0
A-GMM-4,RAPT1,GMM,30,201214,GGGGGTGCAGTAGAATTGTCGAGTTTCTG,GGGGGTGCAGTAGAATTGTCGAGTTTCTG,29,-19.1,15.9
A-GMM-5,RAPT1,GMM,30,201214,AATACCCGGGGTTTTCACACATATAATTCA,AATACCCGGGGTTTTCACACATATAATTCA,30,-30.1,-0.8
A-GMM-6,RAPT1,GMM,30,201214,ATACGAGAGATGTAGCCTTTTTTCTG*CTT,ATACGAGAGATGTAGCCTTTTTTCTGACTT,30,-14.9,42.2
A-GMM-7,RAPT1,GMM,30,201214,A*TACGAGAGATACAGCCTTTTTCCTGCTT,AGTACGAGAGATACAGCCTTTTTCCTGCTT,30,-17.0,30.9
A-GMM-8,RAPT1,GMM,30,201214,GGTAG*AGATGCTGAGGGGTCTCCTGAT*C,GGTAGCAGATGCTGAGGGGTCTCCTGATGC,30,-18.7,33.8
A-GMM-9,RAPT1,GMM,30,201214,GTCGAGATTCTGAGGGTTCTCCTGTT*ACC,GTCGAGATTCTGAGGGTTCTCCTGTTAACC,30,-14.5,74.3
A-BO-0,RAPT1,BO,30,201218,GTAGAGATTCTGAGGGTTCTCCTGTT*ACC,GTAGAGATTCTGAGGGTTCTCCTGTTGACC,30,-14.4,102.5
A-BO-1,RAPT1,BO,30,201218,GTTGAGATTCTGAGGGTTCTCCTGTT*CCC,GTTGAGATTCTGAGGGTTCTCCTGTTGCCC,30,-14.4,101.2
A-BO-2,RAPT1,BO,30,201218,AACAAGAGATGGTAGACCTATCTCTT*CCC,AACAAGAGATGGTAGACCTATCTCTTACCC,30,-15.6,69.4
A-BO-3,RAPT1,BO,30,201218,GTAGAGATTCTGAGGGTTCTCCTGTT*CTA,GTAGAGATTCTGAGGGTTCTCCTGTTGCTA,30,-14.3,100.6
A-BO-4,RAPT1,BO,30,201218,AACGAGAGATGGTAGACCTATCTTTT*GCC,AACGAGAGATGGTAGACCTATCTTTTAGCC,30,-16.2,76.0
A-BO-5,RAPT1,BO,30,201218,GTCGAGATTCTGAGGGTTCTCCTGGT*ACC,GTCGAGATTCTGAGGGTTCTCCTGGTGACC,30,-14.4,74.6
A-BO-6,RAPT1,BO,30,201218,AACGAGAGATGGTAGACCTATTTTTT*GTC,AACGAGAGATGGTAGACCTATTTTTTAGTC,30,-16.2,73.1
A-BO-7,RAPT1,BO,30,201218,AATGAGATTCTGAGGGGTCTCCTGTT*CCA,AATGAGATTCTGAGGGGTCTCCTGTTGCCA,30,-14.4,95.1
A-BO-8,RAPT1,BO,30,201218,ATACGAGAGATGTAGCCTTTTTTCTT*CTT,ATACGAGAGATGTAGCCTTTTTTCTTACTT,30,-15.2,40.8
A-BO-9,RAPT1,BO,30,201218,ATACGAGAGATGTAGCCTTTTTACCG*CCT,ATACGAGAGATGTAGCCTTTTTACCGACCT,30,-14.7,15.0
B-L30-GMM-0,RAPT3,GMM,30,201208,*C*CACATTACGTAAAAATC*CCCCTACC,ACTCACATTACGTAAAAATCGCCCCTACC,29,-14.9,6.4
B-L30-GMM-1,RAPT3,GMM,30,201208,TG*ATACGCAAAA*CTCCCCCTGCCTT*C*,TGGATACGCAAAAGCTCCCCCTGCCTTACA,30,-21.6,-16.1
B-L30-GMM-2,RAPT3,GMM,30,201208,T*A*A*A*C*GCCCCCC*CC*ATC*G*CCCG*CGACC*A*,TAAAACAGCTGCCCCCCCCCCATCTGACCCGACGACCAAC,40,-50.7,-14.6
B-L30-GMM-3,RAPT3,GMM,30,201208,T*C*AC*A*CTACGCAACA*TTCTCCCTGCCTGA,TACGACCAGCTACGCAACAGTTCTCCCTGCCTGA,34,-20.7,-22.9
B-L30-GMM-4,RAPT3,GMM,30,201208,T*CGCTACGCGAAA*TTCCCCCCGCCTG*C*,TTCGCTACGCGAAAGTTCCCCCCGCCTGGCG,31,-21.0,-12.4
B-L30-GMM-5,RAPT3,GMM,30,201208,T*CGCTACGCTAAA*CTCTCCCAGCCTG*C*,TTCGCTACGCTAAAGCTCTCCCAGCCTGGCG,31,-21.7,-21.6
B-L30-GMM-6,RAPT3,GMM,30,201208,*C*CACATTACGCAAAACTC*CCCCTGCC,ACTCACATTACGCAAAACTCGCCCCTGCC,29,-14.7,86.9
B-L30-GMM-7,RAPT3,GMM,30,201208,TCTACGTCAAACTC*CCCCGACCTG*C*,TCTACGTCAAACTCGCCCCGACCTGGCG,28,-20.0,-21.9
B-L30-GMM-8,RAPT3,GMM,30,201208,*C*CACATTACGCGAAACTC*CCCCCGCC,ACACACATTACGCGAAACTCGCCCCCGCC,29,-14.3,183.3
B-L30-GMM-9,RAPT3,GMM,30,201208,T*CGCTACGCAAAA*TTCCCCCTGCCTG*C*,TTCGCTACGCAAAAGTTCCCCCTGCCTGGCG,31,-20.5,-19.7
B-L35-GMM-0,RAPT3,GMM,35,201208,T*C*C*A*ACTACGCAACACTTCCCCCTGCCTG*C*TA,TGCTCGACACTACGCAACACTTCCCCCTGCCTGACATA,38,-31.0,-12.1
B-L35-GMM-1,RAPT3,GMM,35,201208,TCC*CAC*CCAGCGCACATTACGTAAA*ATC*CCCTACC,TCCGCACGCCAGCGCACATTACGTAAAGATCGCCCTACC,39,-23.9,-5.2
B-L35-GMM-2,RAPT3,GMM,35,201208,T*C*C*A*GCTACGCCAAACTCCCCCCGGCCTG*T*AA,TGCACGACGCTACGCCAAACTCCCCCCGGCCTGATAAA,38,-31.5,57.7
B-L35-GMM-3,RAPT3,GMM,35,201208,TAA*ACA*CCCCACCCC*CGGACGACCGGAG*AA*AAAAA,TAACACAGCCCCACCCCTCGGACGACCGGAGGAATAAAAA,40,-44.8,-14.9
B-L35-GMM-4,RAPT3,GMM,35,201208,T*C*C*AGCTACGCGAAAATCCCCCCCGCCTGC*T*C*C*CA,TGCTCTAGCTACGCGAAAATCCCCCCCGCCTGCATGCGCACA,42,-35.2,23.0
B-L35-GMM-5,RAPT3,GMM,35,201208,TCC*CCC*CCAGCGCACATTACGCAAA*ATC*CCCTGCC,TCCGCCCGCCAGCGCACATTACGCAAAGATCGCCCTGCC,39,-24.8,-25.7
B-L35-GMM-6,RAPT3,GMM,35,201208,T*C*C*AGC*TACGCAAAACTCCCCCCTGCCT*GC*T*C*C*TA,TTCGCTAGCGTACGCAAAACTCCCCCCTGCCTTGCATGCGCTTA,44,-40.3,-16.9
B-L35-GMM-7,RAPT3,GMM,35,201208,TACCAC*CCCGCGCACATTACGCGAA*ATC*CCCCGCC,TACCACGCCCGCGCACATTACGCGAAGATCGCCCCGCC,38,-21.9,-22.4
B-L35-GMM-8,RAPT3,GMM,35,201208,TCC*CCA*CCCCCCCCC*CCCCCACCCCCCC*CC*CCAAA,TCCGCCAACCCCCCCCCTCCCCCACCCCCCCACCTCCAAA,40,-47.5,-22.5
B-L35-GMM-9,RAPT3,GMM,35,201208,T*C*C*T*ACTACGCTAAAATCCCCCCAGCCTG*C*AA,TGCGCGTCACTACGCTAAAATCCCCCCAGCCTGACAAA,38,-31.9,-10.0
B-GMM-0,RAPT3,GMM,40,201110,T*C*C*CCCCCCACCCCCCCCCCGCCCCCCCCCCCCCAAA,TACACACCCCCCACCCCCCCCCCGCCCCCCCCCCCCCAAA,40,-47.0,-13.2
B-GMM-1,RAPT3,GMM,40,201110,TC*C*GCTTACGCCAAAATTCCCCCGGCCTAGCTT*GC*C*CT*,TCTCTGCTTACGCCAAAATTCCCCCGGCCTAGCTTGGCTCGCTC,44,-35.9,21.9
B-GMM-2,RAPT3,GMM,40,201110,ACGCCTACGCCAAAAGCCCCCCAGCCTGGCTT*GC*C*CA*,ACGCCTACGCCAAAAGCCCCCCAGCCTGGCTTGGCGCGCAC,41,-29.9,-9.3
B-GMM-3,RAPT3,GMM,40,201110,T*C*C*ACC*CGCGCACATTACGCGAAACTCCCCCCCGCC,TGCGCGACCGCGCGCACATTACGCGAAACTCCCCCCCGCC,40,-23.9,74.2
B-GMM-4,RAPT3,GMM,40,201110,T*C*C*CCCAGCGCACATTACGTAAAACTCCCCCCTACC,TGCGCGCCCAGCGCACATTACGTAAAACTCCCCCCTACC,39,-23.3,229.1
B-GMM-5,RAPT3,GMM,40,201110,TC*CCCT*CGCACATAACTACGCAAAACTCCCCCCCGCC*,TCGCCCTGCGCACATAACTACGCAAAACTCCCCCCCGCCA,40,-26.8,-30.5
B-GMM-6,RAPT3,GMM,40,201110,TCGCCTACGCAAAAAACTCCCCCTGCCTGT*TC*C*CA*,TCGCCTACGCAAAAAACTCCCCCTGCCTGTATCACTCAC,39,-27.5,-28.5
B-GMM-7,RAPT3,GMM,40,201110,T*C*C*AC*CTACGCTAAACTCCCCCCAGCCTGGAAA,TGCGCTACTCTACGCTAAACTCCCCCCAGCCTGGAAA,37,-26.4,-7.3
B-GMM-8,RAPT3,GMM,40,201110,T*C*C*CCC*AGCGCACATTACGCAAAATCCCCCCTGCC,TGCGCGCCCGAGCGCACATTACGCAAAATCCCCCCTGCC,39,-24.5,190.7
B-GMM-9,RAPT3,GMM,40,201110,T*CGATACGCGAAACGCTCCCCCGCCTTCCT*G,TGCGATACGCGAAACGCTCCCCCGCCTTCCTAG,33,-23.0,-7.3
B-BO-0,RAPT3,BO,40,201217,T*C*C*AGCCGCGCCATTACGCAACACTC*CCCCCTGCC,TGCGCGAGCCGCGCCATTACGCAACACTCGCCCCCTGCC,39,-22.0,5.6
B-BO-1,RAPT3,BO,40,201217,T*C*C*AG*CCGCGCCATTACGTAACACTC*ACCCCTACC,TGCGCGAGGCCGCGCCATTACGTAACACTCGACCCCTACC,40,-21.8,3.2
B-BO-2,RAPT3,BO,40,201217,T*C*C*ACCCGCGCCATTACGCAACACCCCCCCTGCC,TGCGCGACCCGCGCCATTACGCAACACCCCCCCTGCC,37,-21.6,79.4
B-BO-3,RAPT3,BO,40,201217,T*C*C*AGCCGCGCACATTACGTAAAAAATC*ACCCCTACC,TGCGCGAGCCGCGCACATTACGTAAAAAATCGACCCCTACC,41,-24.3,13.5
B-BO-4,RAPT3,BO,40,201217,T*C*C*CCCAGCGCACATTACGCAACACTCCCCCCTGCC,TGCGCGCCCAGCGCACATTACGCAACACTCCCCCCTGCC,39,-23.8,231.0
B-BO-5,RAPT3,BO,40,201217,T*C*C*CCC*AGCGCACATTACGTAAAACTCCCCCCTACC,TGCGCGCCCGAGCGCACATTACGTAAAACTCCCCCCTACC,40,-25.8,245.2
B-BO-6,RAPT3,BO,40,201217,T*C*C*ACC*CGCGCACATTACGCAACACCCCCCCTGCC,TGCGCGACCGCGCGCACATTACGCAACACCCCCCCTGCC,39,-23.4,93.7
B-BO-7,RAPT3,BO,40,201217,T*C*C*AGCAGCGCCATTACGTAACACTC*CCCCCTACC,TGCGCGAGCAGCGCCATTACGTAACACTCGCCCCCTACC,39,-23.3,45.2
B-BO-8,RAPT3,BO,40,201217,T*C*C*CCC*CGCGCACATTACGCAACACTCCCCCCTGCC,TGCGCGCCCGCGCGCACATTACGCAACACTCCCCCCTGCC,40,-24.2,134.9
B-BO-9,RAPT3,BO,40,201217,T*C*C*CCCAGCGCACATTACGTAAAAACCCCCCTACC,TGCGCGCCCAGCGCACATTACGTAAAAACCCCCCTACC,38,-23.7,151.6